-- phpMyAdmin SQL Dump
-- version 4.0.10.18
-- https://www.phpmyadmin.net
--
-- Servidor: localhost:3306
-- Tiempo de generación: 20-12-2017 a las 16:24:39
-- Versión del servidor: 5.5.54-38.7-log
-- Versión de PHP: 5.6.30

SET SQL_MODE = "NO_AUTO_VALUE_ON_ZERO";
SET time_zone = "+00:00";


/*!40101 SET @OLD_CHARACTER_SET_CLIENT=@@CHARACTER_SET_CLIENT */;
/*!40101 SET @OLD_CHARACTER_SET_RESULTS=@@CHARACTER_SET_RESULTS */;
/*!40101 SET @OLD_COLLATION_CONNECTION=@@COLLATION_CONNECTION */;
/*!40101 SET NAMES utf8 */;

--
-- Base de datos: `tdesyxwd_maz_logistic`
--

-- --------------------------------------------------------

--
-- Estructura de tabla para la tabla `accion`
--

CREATE TABLE IF NOT EXISTS `accion` (
  `id` int(11) NOT NULL AUTO_INCREMENT,
  `descripcion` varchar(200) NOT NULL,
  `seccion_menu_id` int(11) NOT NULL,
  `status` int(11) DEFAULT NULL,
  `observaciones` text,
  `icono` varchar(200) NOT NULL,
  `visible` int(11) DEFAULT NULL,
  PRIMARY KEY (`id`),
  KEY `seccion_menu_id` (`seccion_menu_id`)
) ENGINE=InnoDB  DEFAULT CHARSET=utf8 AUTO_INCREMENT=295 ;


CREATE TABLE  `fondo_index` (
  `id` int(11) NOT NULL AUTO_INCREMENT,
  `descripcion` varchar(200) NOT NULL,
  `archivo` varchar(200) DEFAULT NULL,
  `status` int(11) DEFAULT NULL,
  `observaciones` text,
  PRIMARY KEY (`id`)
) ENGINE=InnoDB  DEFAULT CHARSET=utf8 ;

CREATE TABLE  `video_index` (
  `id` int(11) NOT NULL AUTO_INCREMENT,
  `descripcion` varchar(200) NOT NULL,
  `archivo` varchar(200) DEFAULT NULL,
  `status` int(11) DEFAULT NULL,
  `observaciones` text,
  PRIMARY KEY (`id`)
) ENGINE=InnoDB  DEFAULT CHARSET=utf8 ;


--
-- Volcado de datos para la tabla `accion`
--

INSERT INTO `accion` (`id`, `descripcion`, `seccion_menu_id`, `status`, `observaciones`, `icono`, `visible`) VALUES
(1, 'Alta', 1, 1, 'xxxx', 'glyphicon glyphicon-plus', 1),
(2, 'Lista', 1, 1, '', 'glyphicon glyphicon-list-alt', 1),
(3, 'Lista_ajax', 1, 1, '', 'glyphicon glyphicon-list-alt', 0),
(4, 'Alta_bd', 1, 1, '', 'glyphicon glyphicon-list-alt', 0),
(5, 'Elimina_bd', 1, 1, '', 'glyphicon glyphicon-minus', 0),
(6, 'Desactiva_bd', 1, 1, '', 'glyphicon glyphicon-trash', 0),
(7, 'Activa_bd', 1, 1, '', 'glyphicon glyphicon-ok', 0),
(8, 'Modifica', 1, 1, '', 'glyphicon glyphicon-pencil', 0),
(9, 'Modifica_bd', 1, 1, '', 'glyphicon glyphicon-pencil', 0),
(10, 'Alta', 2, 1, '', 'glyphicon glyphicon-plus', 1),
(11, 'Lista', 2, 1, '', 'glyphicon glyphicon-list-alt', 1),
(12, 'Lista_ajax', 2, 1, '', 'glyphicon glyphicon-list-alt', 0),
(13, 'Alta_bd', 2, 1, '', 'glyphicon glyphicon-list-alt', 0),
(14, 'Elimina_bd', 2, 1, '', 'glyphicon glyphicon-minus', 0),
(15, 'Desactiva_bd', 2, 1, '', 'glyphicon glyphicon-trash', 0),
(16, 'Activa_bd', 2, 1, '', 'glyphicon glyphicon-ok', 0),
(17, 'Modifica', 2, 1, '', 'glyphicon glyphicon-pencil', 0),
(18, 'Modifica_bd', 2, 1, '', 'glyphicon glyphicon-pencil', 0),
(19, 'Alta', 3, 1, '', 'glyphicon glyphicon-plus', 1),
(20, 'Lista', 3, 1, '', 'glyphicon glyphicon-list-alt', 1),
(21, 'Lista_ajax', 3, 1, '', 'glyphicon glyphicon-list-alt', 0),
(22, 'Alta_bd', 3, 1, '', 'glyphicon glyphicon-list-alt', 0),
(23, 'Elimina_bd', 3, 1, '', 'glyphicon glyphicon-minus', 0),
(24, 'Desactiva_bd', 3, 1, '', 'glyphicon glyphicon-trash', 0),
(25, 'Activa_bd', 3, 1, '', 'glyphicon glyphicon-ok', 0),
(26, 'Modifica', 3, 1, '', 'glyphicon glyphicon-pencil', 0),
(27, 'Modifica_bd', 3, 1, '', 'glyphicon glyphicon-pencil', 0),
(28, 'Alta', 4, 1, '', 'glyphicon glyphicon-plus', 1),
(29, 'Lista', 4, 1, '', 'glyphicon glyphicon-list-alt', 1),
(30, 'Lista_ajax', 4, 1, '', 'glyphicon glyphicon-list-alt', 0),
(31, 'Alta_bd', 4, 1, '', 'glyphicon glyphicon-list-alt', 0),
(32, 'Elimina_bd', 4, 1, '', 'glyphicon glyphicon-minus', 0),
(33, 'Desactiva_bd', 4, 1, '', 'glyphicon glyphicon-trash', 0),
(34, 'Activa_bd', 4, 1, '', 'glyphicon glyphicon-ok', 0),
(35, 'Modifica', 4, 1, '', 'glyphicon glyphicon-pencil', 0),
(36, 'Modifica_bd', 4, 1, '', 'glyphicon glyphicon-pencil', 0),
(37, 'Alta', 5, 1, '', 'glyphicon glyphicon-plus', 1),
(38, 'Lista', 5, 1, '', 'glyphicon glyphicon-list-alt', 1),
(39, 'Lista_ajax', 5, 1, '', 'glyphicon glyphicon-list-alt', 0),
(40, 'Alta_bd', 5, 1, '', 'glyphicon glyphicon-list-alt', 0),
(41, 'Elimina_bd', 5, 1, '', 'glyphicon glyphicon-minus', 0),
(42, 'Desactiva_bd', 5, 1, '', 'glyphicon glyphicon-trash', 0),
(43, 'Activa_bd', 5, 1, '', 'glyphicon glyphicon-ok', 0),
(44, 'Modifica', 5, 1, '', 'glyphicon glyphicon-pencil', 0),
(45, 'Modifica_bd', 5, 1, '', 'glyphicon glyphicon-pencil', 0),
(46, 'Alta', 6, 1, '', 'glyphicon glyphicon-plus', 1),
(47, 'Lista', 6, 1, '', 'glyphicon glyphicon-list-alt', 1),
(48, 'Lista_ajax', 6, 1, '', 'glyphicon glyphicon-list-alt', 0),
(49, 'Alta_bd', 6, 1, '', 'glyphicon glyphicon-list-alt', 0),
(50, 'Elimina_bd', 6, 1, '', 'glyphicon glyphicon-minus', 0),
(51, 'Inicio', 7, 1, '', 'glyphicon glyphicon-thumbs-up', 1),
(52, 'Logout', 7, 1, '', 'glyphicon glyphicon-off', 1),
(53, 'Alta', 8, 1, '', 'glyphicon glyphicon-plus', 1),
(54, 'Lista', 8, 1, '', 'glyphicon glyphicon-list-alt', 1),
(55, 'Lista_ajax', 8, 1, '', 'glyphicon glyphicon-list-alt', 0),
(56, 'Alta_bd', 8, 1, '', 'glyphicon glyphicon-list-alt', 0),
(57, 'Elimina_bd', 8, 1, '', 'glyphicon glyphicon-minus', 0),
(58, 'Modifica_bd', 8, 1, '', 'glyphicon glyphicon-pencil', 0),
(59, 'Modifica', 8, 1, '', 'glyphicon glyphicon-minus', 0),
(60, 'Activa_bd', 8, 1, '', 'glyphicon glyphicon-plus', 0),
(61, 'Desactiva_bd', 8, 1, '', 'glyphicon glyphicon-minus', 0),
(71, 'Alta', 10, 1, '', 'glyphicon glyphicon-plus', 1),
(72, 'Lista', 10, 1, '', 'glyphicon glyphicon-list-alt', 1),
(73, 'Lista_ajax', 10, 1, '', 'glyphicon glyphicon-list-alt', 0),
(74, 'Alta_bd', 10, 1, '', 'glyphicon glyphicon-list-alt', 0),
(75, 'Elimina_bd', 10, 1, '', 'glyphicon glyphicon-minus', 0),
(76, 'Modifica_bd', 10, 1, '', 'glyphicon glyphicon-pencil', 0),
(77, 'Modifica', 10, 1, '', 'glyphicon glyphicon-minus', 0),
(78, 'Activa_bd', 10, 1, '', 'glyphicon glyphicon-plus', 0),
(79, 'Desactiva_bd', 10, 1, '', 'glyphicon glyphicon-minus', 0),
(80, 'Alta', 11, 1, '', 'glyphicon glyphicon-plus', 1),
(81, 'Lista', 11, 1, '', 'glyphicon glyphicon-list-alt', 1),
(82, 'Lista_ajax', 11, 1, '', 'glyphicon glyphicon-list-alt', 0),
(83, 'Alta_bd', 11, 1, '', 'glyphicon glyphicon-list-alt', 0),
(84, 'Elimina_bd', 11, 1, '', 'glyphicon glyphicon-minus', 0),
(85, 'Modifica_bd', 11, 1, '', 'glyphicon glyphicon-pencil', 0),
(86, 'Modifica', 11, 1, '', 'glyphicon glyphicon-minus', 0),
(87, 'Activa_bd', 11, 1, '', 'glyphicon glyphicon-plus', 0),
(88, 'Desactiva_bd', 11, 1, '', 'glyphicon glyphicon-minus', 0),
(89, 'Alta', 12, 1, '', 'glyphicon glyphicon-plus', 1),
(90, 'Lista', 12, 1, '', 'glyphicon glyphicon-list-alt', 1),
(91, 'Lista_ajax', 12, 1, '', 'glyphicon glyphicon-list-alt', 0),
(92, 'Alta_bd', 12, 1, '', 'glyphicon glyphicon-list-alt', 0),
(93, 'Elimina_bd', 12, 1, '', 'glyphicon glyphicon-minus', 0),
(94, 'Modifica_bd', 12, 1, '', 'glyphicon glyphicon-pencil', 0),
(95, 'Modifica', 12, 1, '', 'glyphicon glyphicon-minus', 0),
(96, 'Activa_bd', 12, 1, '', 'glyphicon glyphicon-plus', 0),
(97, 'Desactiva_bd', 12, 1, '', 'glyphicon glyphicon-minus', 0),
(98, 'Alta', 13, 1, '', 'glyphicon glyphicon-plus', 1),
(99, 'Lista', 13, 1, '', 'glyphicon glyphicon-list-alt', 1),
(100, 'Lista_ajax', 13, 1, '', 'glyphicon glyphicon-list-alt', 0),
(101, 'Alta_bd', 13, 1, '', 'glyphicon glyphicon-list-alt', 0),
(102, 'Elimina_bd', 13, 1, '', 'glyphicon glyphicon-minus', 0),
(103, 'Modifica_bd', 13, 1, '', 'glyphicon glyphicon-pencil', 0),
(104, 'Modifica', 13, 1, '', 'glyphicon glyphicon-minus', 0),
(105, 'Activa_bd', 13, 1, '', 'glyphicon glyphicon-plus', 0),
(106, 'Desactiva_bd', 13, 1, '', 'glyphicon glyphicon-minus', 0),
(107, 'Alta', 14, 1, '', 'glyphicon glyphicon-plus', 1),
(108, 'Lista', 14, 1, '', 'glyphicon glyphicon-list-alt', 1),
(109, 'Lista_ajax', 14, 1, '', 'glyphicon glyphicon-list-alt', 0),
(110, 'Alta_bd', 14, 1, '', 'glyphicon glyphicon-list-alt', 0),
(111, 'Elimina_bd', 14, 1, '', 'glyphicon glyphicon-minus', 0),
(112, 'Modifica_bd', 14, 1, '', 'glyphicon glyphicon-pencil', 0),
(113, 'Modifica', 14, 1, '', 'glyphicon glyphicon-minus', 0),
(114, 'Activa_bd', 14, 1, '', 'glyphicon glyphicon-plus', 0),
(115, 'Desactiva_bd', 14, 1, '', 'glyphicon glyphicon-minus', 0),
(116, 'Alta', 15, 1, '', 'glyphicon glyphicon-plus', 1),
(117, 'Lista', 15, 1, '', 'glyphicon glyphicon-list-alt', 1),
(118, 'Lista_ajax', 15, 1, '', 'glyphicon glyphicon-list-alt', 0),
(119, 'Alta_bd', 15, 1, '', 'glyphicon glyphicon-list-alt', 0),
(120, 'Elimina_bd', 15, 1, '', 'glyphicon glyphicon-minus', 0),
(121, 'Modifica_bd', 15, 1, '', 'glyphicon glyphicon-pencil', 0),
(122, 'Modifica', 15, 1, '', 'glyphicon glyphicon-minus', 0),
(123, 'Activa_bd', 15, 1, '', 'glyphicon glyphicon-plus', 0),
(124, 'Desactiva_bd', 15, 1, '', 'glyphicon glyphicon-minus', 0),
(125, 'Alta', 16, 1, '', 'glyphicon glyphicon-plus', 1),
(126, 'Lista', 16, 1, '', 'glyphicon glyphicon-list-alt', 1),
(127, 'Lista_ajax', 16, 1, '', 'glyphicon glyphicon-list-alt', 0),
(128, 'Alta_bd', 16, 1, '', 'glyphicon glyphicon-list-alt', 0),
(129, 'Elimina_bd', 16, 1, '', 'glyphicon glyphicon-minus', 0),
(130, 'Modifica_bd', 16, 1, '', 'glyphicon glyphicon-pencil', 0),
(131, 'Modifica', 16, 1, '', 'glyphicon glyphicon-minus', 0),
(132, 'Activa_bd', 16, 1, '', 'glyphicon glyphicon-plus', 0),
(133, 'Desactiva_bd', 16, 1, '', 'glyphicon glyphicon-minus', 0),
(134, 'Asigna_tipo_cambio', 13, 1, '', 'glyphicon glyphicon-usd', 0),
(135, 'Asigna_tipo_cambio_bd', 13, 1, '', 'glyphicon glyphicon-usd', 0),
(136, 'obten_tipo_cambio', 13, 1, '', 'glyphicon glyphicon-usd', 0),
(137, 'asigna_accion', 1, 1, '', 'glyphicon glyphicon-usd', 0),
(138, 'agrega_accion_bd', 1, 1, '', 'glyphicon glyphicon-usd', 0),
(139, 'elimina_accion_bd', 1, 1, '', 'glyphicon glyphicon-usd', 0),
(140, 'Alta', 17, 1, '', 'xxxxxxxx', 1),
(141, 'alta_bd', 17, 1, 'ss', 'xxddff', 0),
(142, 'Lista', 17, 1, '', 'ffddd', 1),
(143, 'lista_ajax', 17, 1, '', 'fffrrr', NULL),
(144, 'modifica', 17, 1, 'gg', 'fgggg', 0),
(145, 'modifica_bd', 17, 1, '', '4455fff', NULL),
(146, 'elimina_bd', 17, 1, '', 'fgggfrrr', 0),
(147, 'activa_bd', 17, 1, 'e', 'e', NULL),
(148, 'desactiva_bd', 17, 1, '', 'ff', 0),
(153, 'alta', 19, 1, 'hjhj', 'hjhjhjhhjh', 1),
(154, 'Lista', 19, 1, 'JHJH', 'HJHJHJ', 1),
(155, 'lista_ajax', 19, 1, '', 'kkk', NULL),
(156, 'option_selected', 15, 1, 'x', 'xxx', 0),
(157, 'option_selected', 17, 1, 'xx', 'xxx', 0),
(158, 'alta', 20, 1, 'xx', 'xx', 1),
(159, 'alta_bd', 20, 1, 'xxx', 'xxx', NULL),
(160, 'lista', 20, 1, 'sss', 'sss', 1),
(161, 'modifica', 20, 1, 'xxx', 'xxx', 0),
(162, 'modifica_bd', 20, 1, 'ddddd', 'ddffrrr', NULL),
(163, 'lista_ajax', 20, 1, 'dd', 'd', NULL),
(164, 'Activa_bd', 20, 1, 'ddd', 'dddd', 0),
(165, 'desactiva_bd', 20, 1, '', 'ff', NULL),
(166, 'Elimina_bd', 20, 1, 'xx', 'xx', 0),
(167, 'genera_factura', 20, 1, 'sss', 'sss', NULL),
(168, 'alta', 22, 1, '', 'a', 1),
(169, 'alta_bd', 22, 1, 'x', 'sq', NULL),
(170, 'lista', 22, 1, 'ee', 'ee', 1),
(171, 'lista_ajax', 22, 1, '', 'ddd', NULL),
(172, 'modifica', 22, 1, 's', 'sss', NULL),
(173, 'modifica_bd', 22, 1, 'rr', 'rrr', NULL),
(174, 'activa_bd', 22, 1, 'ss', 'sss', NULL),
(175, 'desactiva_bd', 22, 1, 'dd', 'dd', NULL),
(176, 'elimina_bd', 22, 1, 'ee', 'eee', NULL),
(178, 'alta', 23, 1, '', 'sss', 1),
(179, 'alta', 24, 1, '', 'sss', 1),
(180, 'alta_bd', 24, 1, 'xxx', 'xxxx', NULL),
(181, 'lista', 24, 1, '', 'xxx', 1),
(182, 'modifica', 24, 1, '', 'xx', NULL),
(183, 'modifica_bd', 24, 1, '', 'xxx', NULL),
(184, 'elimina_bd', 24, 1, '', 'xxx', NULL),
(185, 'desactiva_bd', 24, 1, '', 'sss', NULL),
(186, 'activa_bd', 24, 1, '', 'sss', NULL),
(187, 'lista_ajax', 24, 1, 'ss', 'sss', NULL),
(188, 'alta_bd', 19, 1, '', 'sss', NULL),
(189, 'modifica', 19, 1, '', 'x', NULL),
(190, 'modifica_bd', 19, 1, '', 'ddd', NULL),
(191, 'activa_bd', 19, 1, 'zzz', 'ddd', NULL),
(192, 'desactiva_bd', 19, 1, 'aa', 'sss', NULL),
(193, 'elimina_bd', 19, 1, 's', 'xxx', NULL),
(194, 'persona_responsable_pago_cliente', 20, 1, '', 'xxx', NULL),
(195, 'actualiza_responsable_pago', 20, 1, '', 'xx', 0),
(196, 'carga_datos_servicio', 20, 1, '', 'd', NULL),
(197, 'alta', 26, 1, '', 'xxx', 1),
(198, 'alta', 27, 1, '', 'sssss', 1),
(199, 'alta_bd', 27, 1, '', 'xxss', NULL),
(200, 'lista', 27, 1, '', 'sss', 1),
(201, 'alta', 28, 1, '', 'ssss', 1),
(202, 'alta_bd', 28, 1, 'sss', 'sss', NULL),
(203, 'lista', 28, 1, '', 'sss', 1),
(204, 'lista_ajax', 28, 1, '', 'sss', NULL),
(205, 'modifica', 28, 1, '', 'sss', NULL),
(206, 'modifica_bd', 28, 1, '', 'jjj', NULL),
(207, 'desactiva_bd', 28, 1, '', 'ss', NULL),
(208, 'alta', 29, 1, '', 'xxx', 1),
(209, 'alta_bd', 29, 1, '', 'sss', NULL),
(210, 'lista', 29, 1, '', 'sss', 1),
(211, 'lista_ajax', 29, 1, '', 'sss', NULL),
(212, 'alta', 30, 1, '', 'xxx', 1),
(213, 'lista', 30, 1, '', 'dddd', 1),
(214, 'lista_ajax', 30, 1, '', 'xxx', NULL),
(215, 'alta', 32, 1, '', 'ss', 1),
(216, 'alta_bd', 32, 1, '', 'xxx', NULL),
(218, 'lista_ajax', 32, 1, '', 'xxx', NULL),
(219, 'lista', 32, 1, '', 'xxx', 1),
(220, 'lista', 26, 1, '', 'dddd', 1),
(221, 'alta', 35, 1, '', 'dd', 1),
(222, 'alta_bd', 35, 1, '', 'ddd', NULL),
(223, 'lista', 35, 1, '', 'sss', 1),
(224, 'alta', 36, 1, '', 'dd', 1),
(225, 'lista', 36, 1, '', 'xxxx', 1),
(226, 'alta', 38, 1, '', 'ddd', 1),
(227, 'lista', 38, 1, '', 'xxxx', 1),
(228, 'alta', 39, 1, '', 'aa', 1),
(229, 'lista', 39, 1, '', 'xxdd', 1),
(230, 'alta_bd', 23, 1, '', 'xxxxx', NULL),
(231, 'lista', 23, 1, '', 'xxxx', 1),
(232, 'lista_ajax', 23, 1, '', 'xxxx', NULL),
(233, 'modifica', 23, 1, '', 'sss', NULL),
(234, 'modifica_bd', 23, 1, '', 'sss', NULL),
(235, 'desactiva_bd', 23, 1, '', 'sss', NULL),
(236, 'activa_bd', 23, 1, '', 'sss', NULL),
(237, 'elimina_bd', 23, 1, '', 'xx', NULL),
(238, 'genera_lista_producto_sat', 23, 1, 'x', 'dddd', NULL),
(239, 'option_selected', 11, 1, 'xxx', 'xxx', 0),
(240, 'alta', 40, 1, '', 'xxxx123', 1),
(241, 'alta_bd', 40, 1, '', 'xxxde', NULL),
(242, 'lista', 40, 1, '', 'ssswws23', 1),
(243, 'lista_ajax', 40, 1, '', 'xxxx', NULL),
(244, 'carga_registro_lista', 23, 1, 'x', 'ssddd3', NULL),
(245, 'modifica', 40, 1, '', 'dede', NULL),
(246, 'elimina_bd', 40, 1, '', 'ddee', NULL),
(247, 'desactiva_bd', 40, 1, '', 'dddd', NULL),
(248, 'activa_bd', 40, 1, '', 'eeee', NULL),
(249, 'modifica_bd', 40, 1, '', 'dddd', NULL),
(250, 'alta', 41, 1, '', 'xxxx', 1),
(251, 'alta_bd', 41, 1, '', 'xxxxddee', NULL),
(252, 'lista', 41, 1, '', 'xxxed', 1),
(253, 'lista_ajax', 41, 1, '', 'ddee', NULL),
(254, 'modifica', 41, 1, '', 'xxddff', NULL),
(255, 'modifica_bd', 41, 1, '', 'eed', NULL),
(256, 'elimina_bd', 41, 1, '', 'dddf', NULL),
(257, 'activa_bd', 41, 1, '', 'ddeee', NULL),
(258, 'desactiva_bd', 41, 1, '', 'eerrr', NULL),
(259, 'asigna_cuenta_bancaria', 20, 1, '', 'glyphicon glyphicon-barcode', 0),
(260, 'elimina_cuenta_bd', 20, 1, '', 'dee', NULL),
(261, 'alta_cuenta_bd', 20, 1, '', 'DFWWEFE', NULL),
(262, 'guarda_factura', 20, 1, '', 'eds', NULL),
(263, 'alta', 42, 1, '', 'xx', 1),
(264, 'alta_bd', 42, 1, 'xx', 'xxxxxx', NULL),
(265, 'lista', 42, 1, '', 'xxx', 1),
(266, 'alta', 43, 1, '', 'ss', 1),
(267, 'alta_bd', 43, 1, '', 'xxx', NULL),
(268, 'lista_ajax', 42, 1, '', 'dddee', NULL),
(269, 'carga_datos_cfdi', 20, 1, '', 'dddd', NULL),
(270, 'actualiza_uso_cfdi', 20, 1, '', 'ddeee', NULL),
(271, 'option_selected', 24, 1, '', 'xxddff', 0),
(272, 'option_selected', 28, 1, 'x', 'x', NULL),
(273, 'option_selected', 40, 1, '', 'eeee', NULL),
(275, 'option_selected', 10, 1, ' ', 'dfff', NULL),
(276, 'option_selected', 36, 1, '', 'ed', NULL),
(277, 'obten_dato_registro', 23, 1, '', 'ssddd3', NULL),
(278, 'crea_pdf_factura', 20, 1, 'x', 'xxx', NULL),
(279, 've_facturas', 20, 1, '', 'dwdw', NULL),
(280, 've_factura_pdf', 20, 1, '', 'xxff', NULL),
(281, 'descarga_factura_pdf', 20, 1, 'wd', 'dwfeew', NULL),
(282, 'descarga_factura_xml', 20, 1, '', 'wfwfwe', NULL),
(283, 'paga_factura', 20, 1, '', 'glyphicon glyphicon-usd', NULL),
(284, 'alta', 44, 1, '', 'fwf wf ew f wef', 1),
(285, 'alta_bd', 44, 1, NULL, 'dwcd  dw', NULL),
(286, 'lista', 44, 1, NULL, 'wdd wd w dw', 1),
(287, 'modifica', 44, 1, 'ewf', 'dwee ', NULL),
(288, 'modifica_bd', 44, 1, 'wef', 'wefwfe', NULL),
(289, 'captura_masiva', 20, 1, NULL, 'fwew weff ew ', 1),
(290, 'actualiza_masiva_bd', 20, 1, NULL, 'wef hhgh', NULL),
(291, 'vista_preliminar_factura', 20, 1, NULL, 'wefewf hjhj', NULL),
(292, 'lista_ajax', 44, 1, 'weew', 'dwew', NULL),
(293, 'timbra_cfdi', 20, 1, 'x', 'xxxx', NULL),
(294, 'elimina_bd', 28, 1, NULL, 'dwdw', NULL);

-- --------------------------------------------------------

--
-- Estructura de tabla para la tabla `accion_grupo`
--

CREATE TABLE IF NOT EXISTS `accion_grupo` (
  `id` int(11) NOT NULL AUTO_INCREMENT,
  `accion_id` int(11) NOT NULL,
  `grupo_id` int(11) NOT NULL,
  PRIMARY KEY (`id`),
  UNIQUE KEY `accion_grupo` (`accion_id`,`grupo_id`),
  KEY `grupo_id` (`grupo_id`)
) ENGINE=InnoDB  DEFAULT CHARSET=utf8 AUTO_INCREMENT=466 ;

--
-- Volcado de datos para la tabla `accion_grupo`
--

INSERT INTO `accion_grupo` (`id`, `accion_id`, `grupo_id`) VALUES
(248, 1, 1),
(217, 2, 1),
(201, 3, 1),
(203, 4, 1),
(213, 5, 1),
(6, 6, 1),
(7, 7, 1),
(218, 8, 1),
(216, 9, 1),
(10, 10, 1),
(11, 11, 1),
(12, 12, 1),
(161, 13, 1),
(162, 14, 1),
(163, 15, 1),
(164, 16, 1),
(165, 17, 1),
(166, 18, 1),
(19, 19, 1),
(20, 20, 1),
(21, 21, 1),
(22, 22, 1),
(23, 23, 1),
(24, 24, 1),
(25, 25, 1),
(26, 26, 1),
(27, 27, 1),
(28, 28, 1),
(29, 29, 1),
(30, 30, 1),
(31, 31, 1),
(32, 32, 1),
(33, 33, 1),
(34, 34, 1),
(35, 35, 1),
(36, 36, 1),
(37, 37, 1),
(38, 38, 1),
(39, 39, 1),
(40, 40, 1),
(41, 41, 1),
(42, 42, 1),
(43, 43, 1),
(44, 44, 1),
(45, 45, 1),
(48, 48, 1),
(49, 49, 1),
(50, 50, 1),
(51, 51, 1),
(422, 51, 2),
(52, 52, 1),
(423, 52, 2),
(53, 53, 1),
(54, 54, 1),
(55, 55, 1),
(56, 56, 1),
(57, 57, 1),
(58, 58, 1),
(59, 59, 1),
(60, 60, 1),
(61, 61, 1),
(269, 71, 1),
(270, 72, 1),
(271, 73, 1),
(272, 74, 1),
(273, 75, 1),
(274, 76, 1),
(275, 77, 1),
(276, 78, 1),
(277, 79, 1),
(260, 80, 1),
(261, 81, 1),
(262, 82, 1),
(263, 83, 1),
(264, 84, 1),
(265, 85, 1),
(266, 86, 1),
(267, 87, 1),
(268, 88, 1),
(197, 89, 1),
(196, 90, 1),
(195, 91, 1),
(194, 92, 1),
(193, 93, 1),
(192, 94, 1),
(191, 95, 1),
(190, 96, 1),
(189, 97, 1),
(208, 98, 1),
(180, 99, 1),
(181, 100, 1),
(182, 101, 1),
(183, 102, 1),
(184, 103, 1),
(185, 104, 1),
(186, 105, 1),
(187, 106, 1),
(107, 107, 1),
(108, 108, 1),
(109, 109, 1),
(110, 110, 1),
(111, 111, 1),
(112, 112, 1),
(113, 113, 1),
(114, 114, 1),
(115, 115, 1),
(116, 116, 1),
(117, 117, 1),
(118, 118, 1),
(119, 119, 1),
(120, 120, 1),
(121, 121, 1),
(122, 122, 1),
(123, 123, 1),
(124, 124, 1),
(238, 125, 1),
(239, 126, 1),
(170, 127, 1),
(171, 128, 1),
(172, 129, 1),
(173, 130, 1),
(175, 132, 1),
(176, 133, 1),
(188, 134, 1),
(178, 135, 1),
(207, 136, 1),
(200, 137, 1),
(138, 138, 1),
(139, 139, 1),
(219, 140, 1),
(220, 141, 1),
(221, 142, 1),
(222, 143, 1),
(223, 144, 1),
(224, 145, 1),
(225, 146, 1),
(226, 147, 1),
(227, 148, 1),
(232, 153, 1),
(233, 154, 1),
(234, 155, 1),
(258, 156, 1),
(463, 156, 2),
(259, 157, 1),
(464, 157, 2),
(278, 158, 1),
(424, 158, 2),
(279, 159, 1),
(425, 159, 2),
(280, 160, 1),
(401, 160, 2),
(281, 161, 1),
(426, 161, 2),
(282, 162, 1),
(427, 162, 2),
(283, 163, 1),
(428, 163, 2),
(284, 164, 1),
(429, 164, 2),
(285, 165, 1),
(430, 165, 2),
(286, 166, 1),
(431, 166, 2),
(287, 167, 1),
(402, 167, 2),
(288, 168, 1),
(289, 169, 1),
(290, 170, 1),
(291, 171, 1),
(292, 172, 1),
(293, 173, 1),
(294, 174, 1),
(295, 175, 1),
(296, 176, 1),
(297, 178, 1),
(451, 178, 2),
(298, 179, 1),
(299, 180, 1),
(300, 181, 1),
(301, 182, 1),
(302, 183, 1),
(303, 184, 1),
(304, 185, 1),
(305, 186, 1),
(306, 187, 1),
(307, 188, 1),
(308, 189, 1),
(309, 190, 1),
(310, 191, 1),
(311, 192, 1),
(361, 193, 1),
(317, 194, 1),
(432, 194, 2),
(314, 195, 1),
(433, 195, 2),
(316, 196, 1),
(318, 197, 1),
(319, 198, 1),
(320, 199, 1),
(321, 200, 1),
(322, 201, 1),
(323, 202, 1),
(324, 203, 1),
(325, 204, 1),
(326, 205, 1),
(327, 206, 1),
(328, 207, 1),
(329, 208, 1),
(330, 209, 1),
(331, 210, 1),
(332, 211, 1),
(333, 212, 1),
(334, 213, 1),
(335, 214, 1),
(336, 215, 1),
(337, 216, 1),
(339, 218, 1),
(341, 219, 1),
(342, 220, 1),
(343, 221, 1),
(344, 222, 1),
(345, 223, 1),
(346, 224, 1),
(347, 225, 1),
(348, 226, 1),
(349, 227, 1),
(350, 228, 1),
(351, 229, 1),
(352, 230, 1),
(452, 230, 2),
(353, 231, 1),
(453, 231, 2),
(354, 232, 1),
(454, 232, 2),
(355, 233, 1),
(455, 233, 2),
(356, 234, 1),
(456, 234, 2),
(357, 235, 1),
(457, 235, 2),
(358, 236, 1),
(458, 236, 2),
(359, 237, 1),
(459, 237, 2),
(360, 238, 1),
(460, 238, 2),
(362, 239, 1),
(449, 239, 2),
(363, 240, 1),
(364, 241, 1),
(365, 242, 1),
(366, 243, 1),
(367, 244, 1),
(461, 244, 2),
(368, 245, 1),
(369, 246, 1),
(370, 247, 1),
(371, 248, 1),
(372, 249, 1),
(373, 250, 1),
(374, 251, 1),
(375, 252, 1),
(376, 253, 1),
(377, 254, 1),
(378, 255, 1),
(379, 256, 1),
(380, 257, 1),
(381, 258, 1),
(382, 259, 1),
(403, 259, 2),
(383, 260, 1),
(434, 260, 2),
(384, 261, 1),
(435, 261, 2),
(385, 262, 1),
(404, 262, 2),
(386, 263, 1),
(387, 264, 1),
(388, 265, 1),
(389, 266, 1),
(390, 267, 1),
(391, 268, 1),
(392, 269, 1),
(436, 269, 2),
(393, 270, 1),
(437, 270, 2),
(394, 271, 1),
(421, 271, 2),
(395, 272, 1),
(396, 273, 1),
(398, 275, 1),
(448, 275, 2),
(399, 276, 1),
(400, 277, 1),
(462, 277, 2),
(405, 278, 1),
(438, 278, 2),
(406, 279, 1),
(439, 279, 2),
(407, 280, 1),
(440, 280, 2),
(408, 281, 1),
(441, 281, 2),
(409, 282, 1),
(442, 282, 2),
(410, 283, 1),
(411, 284, 1),
(412, 285, 1),
(413, 286, 1),
(414, 287, 1),
(415, 288, 1),
(416, 289, 1),
(444, 289, 2),
(417, 290, 1),
(445, 290, 2),
(419, 291, 1),
(446, 291, 2),
(418, 292, 1),
(420, 293, 1),
(447, 293, 2),
(465, 294, 1);

-- --------------------------------------------------------



CREATE TABLE IF NOT EXISTS `elemento_lista` (
  `id` int(11) NOT NULL AUTO_INCREMENT,
  `descripcion` varchar(200) DEFAULT NULL,
  `observaciones` varchar(200) DEFAULT NULL,
  `status` varchar(200) DEFAULT NULL,
  `seccion_menu_id` int(11) NOT NULL,
  PRIMARY KEY (`id`),
  KEY `SECCION_ELEMENTO` (`seccion_menu_id`)
) ENGINE=InnoDB  DEFAULT CHARSET=utf8 ;

-- --------------------------------------------------------

--
-- Estructura de tabla para la tabla `grupo`
--

CREATE TABLE IF NOT EXISTS `grupo` (
  `id` int(11) NOT NULL AUTO_INCREMENT,
  `descripcion` varchar(200) NOT NULL,
  `observaciones` text,
  `status` tinyint(1) DEFAULT NULL,
  PRIMARY KEY (`id`),
  UNIQUE KEY `descripcion` (`descripcion`)
) ENGINE=InnoDB  DEFAULT CHARSET=utf8 AUTO_INCREMENT=3 ;

--
-- Volcado de datos para la tabla `grupo`
--

INSERT INTO `grupo` (`id`, `descripcion`, `observaciones`, `status`) VALUES
(1, 'Admins', 'No cambiar los permisos', 1),
(2, 'facturacion', '', 1);

-- --------------------------------------------------------


--
-- Estructura de tabla para la tabla `menu`
--

CREATE TABLE IF NOT EXISTS `menu` (
  `id` int(11) NOT NULL AUTO_INCREMENT,
  `descripcion` varchar(200) NOT NULL,
  `icono` varchar(200) NOT NULL,
  `observaciones` text,
  `status` tinyint(1) DEFAULT NULL,
  PRIMARY KEY (`id`),
  UNIQUE KEY `descripcion` (`descripcion`),
  UNIQUE KEY `icono` (`icono`)
) ENGINE=InnoDB  DEFAULT CHARSET=utf8 AUTO_INCREMENT=10 ;

--
-- Volcado de datos para la tabla `menu`
--

INSERT INTO `menu` (`id`, `descripcion`, `icono`, `observaciones`, `status`) VALUES
(1, 'Seguridad', 'glyphicon glyphicon-lock', '', 1),
(2, 'Session', 'glyphicon glyphicon-user', '', 1),
(3, 'Clientes', 'glyphicon glyphicon-briefcase', '', 1),
(5, 'Almacenes', 'glyphicon glyphicon-sort-by-attributes', '', 1),
(6, 'Bancos', 'glyphicon glyphicon-usd', '', 1),
(7, 'Generales', 'glyphicon glyphicon-cog', '', 1),
(8, 'SAT', 'glyphicon glyphicon-barcode', '', 1),
(9, 'ssss', 'ssss', '', NULL);


--
-- Estructura de tabla para la tabla `seccion_menu`
--

CREATE TABLE IF NOT EXISTS `seccion_menu` (
  `id` int(11) NOT NULL AUTO_INCREMENT,
  `descripcion` varchar(200) NOT NULL,
  `observaciones` text,
  `status` tinyint(1) DEFAULT NULL,
  `menu_id` int(11) NOT NULL,
  `icono` varchar(200) NOT NULL,
  PRIMARY KEY (`id`),
  UNIQUE KEY `descripcion` (`descripcion`),
  UNIQUE KEY `icono` (`icono`),
  KEY `menu_id` (`menu_id`)
) ENGINE=InnoDB  DEFAULT CHARSET=utf8 AUTO_INCREMENT=45 ;

--
-- Volcado de datos para la tabla `seccion_menu`
--

INSERT INTO `seccion_menu` (`id`, `descripcion`, `observaciones`, `status`, `menu_id`, `icono`) VALUES
(1, 'Grupo', 'xxxx', 1, 1, 'glyphicon glyphicon-th'),
(2, 'Seccion_Menu', '', 1, 1, 'glyphicon glyphicon-th-list'),
(3, 'Accion', '', 1, 1, 'glyphicon glyphicon-play'),
(4, 'Menu', '', 1, 1, 'glyphicon glyphicon-folder-close'),
(5, 'Usuario', '', 1, 1, 'glyphicon glyphicon-user'),
(6, 'Accion_Grupo', '', 1, 1, 'glyphicon glyphicon-lock'),
(7, 'Session', '', 1, 2, 'glyphicon glyphicon-off'),
(8, 'Tipo_cliente', '', 1, 3, 'glyphicon glyphicon-th-large'),
(10, 'Grupo_insumo', '', 1, 5, 'glyphicon glyphicon-unchecked'),
(11, 'Tipo_insumo', '', 1, 5, 'glyphicon glyphicon-dashboard'),
(12, 'Banco', '', 1, 8, 'glyphicon glyphicon-usd'),
(13, 'Moneda', '', 1, 8, 'glyphicon glyphicon-euro'),
(14, 'Pais', '', 1, 7, 'glyphicon glyphicon-globe'),
(15, 'Estado', '', 1, 7, 'glyphicon glyphicon-sort-by-alphabet'),
(16, 'Tipo_cambio', '', 1, 6, 'x1'),
(17, 'Municipio', '', 1, 7, 'q2'),
(19, 'producto_sat', '', 1, 8, 'defrerefferfere'),
(20, 'Cliente', 'xxx', 1, 3, 'xxx'),
(22, 'aduana', '', 1, 8, 'rrrr'),
(23, 'insumo', '', 1, 5, 'wwwwww'),
(24, 'unidad', 'dwqwqd', 1, 5, 'dqwdwq'),
(26, 'regimen_fiscal', '', 1, 8, 'asc'),
(27, 'forma_pago', '', 1, 8, 'xxxxdd'),
(28, 'impuesto', '', 1, 8, 'ssss'),
(29, 'metodo_pago', '', 1, 8, 'ddd'),
(30, 'numero_pedimento_aduana', 'x', 1, 8, 'xxxxx'),
(32, 'patente_aduanal', '', 1, 8, '4r'),
(35, 'tipo_comprobante', '', 1, 8, 're4444'),
(36, 'tipo_factor', '', 1, 8, 'rree44'),
(38, 'tipo_relacion', '', 1, 8, 'tipo_relacion'),
(39, 'uso_cfdi', '', 1, 8, 'uso_cfdi'),
(40, 'insumo_impuesto_tipo_factor', '', 1, 5, 'xxxx123'),
(41, 'cuenta_bancaria', '', 1, 6, 'xxsssdd34'),
(42, 'factura', 'x', 1, 3, 'xxxx'),
(43, 'partida_factura', 'x', 1, 3, 'ssddd'),
(44, 'elemento_lista', '', 1, 7, 'cdfweew fe fw f ew fe f');

-- --------------------------------------------------------


CREATE TABLE IF NOT EXISTS `usuario` (
  `id` int(11) NOT NULL AUTO_INCREMENT,
  `user` varchar(200) NOT NULL,
  `password` varchar(50) NOT NULL,
  `email` varchar(200) NOT NULL,
  `grupo_id` int(11) NOT NULL,
  `status` int(11) DEFAULT NULL,
  PRIMARY KEY (`id`),
  UNIQUE KEY `user` (`user`),
  UNIQUE KEY `password` (`password`),
  UNIQUE KEY `email` (`email`),
  KEY `grupo_id` (`grupo_id`)
) ENGINE=InnoDB  DEFAULT CHARSET=utf8 AUTO_INCREMENT=4 ;

--
-- Volcado de datos para la tabla `usuario`
--

INSERT INTO `usuario` (`id`, `user`, `password`, `email`, `grupo_id`, `status`) VALUES
(1, 'root', 'moro58', 'mgamboa@tdesystems.com.mx', 1, 1);

--
-- Restricciones para tablas volcadas
--

--
-- Filtros para la tabla `accion`
--
ALTER TABLE `accion`
  ADD CONSTRAINT `accion_ibfk_1` FOREIGN KEY (`seccion_menu_id`) REFERENCES `seccion_menu` (`id`) ON UPDATE CASCADE;

--
-- Filtros para la tabla `accion_grupo`
--
ALTER TABLE `accion_grupo`
  ADD CONSTRAINT `accion_grupo_ibfk_1` FOREIGN KEY (`accion_id`) REFERENCES `accion` (`id`) ON UPDATE CASCADE,
  ADD CONSTRAINT `accion_grupo_ibfk_2` FOREIGN KEY (`grupo_id`) REFERENCES `grupo` (`id`) ON UPDATE CASCADE;

ALTER TABLE `elemento_lista`
  ADD CONSTRAINT `seccion_elemento_lista` FOREIGN KEY (`seccion_menu_id`) REFERENCES `seccion_menu` (`id`);

ALTER TABLE `seccion_menu`
  ADD CONSTRAINT `seccion_menu_ibfk_1` FOREIGN KEY (`menu_id`) REFERENCES `menu` (`id`) ON UPDATE CASCADE;

ALTER TABLE `usuario`
  ADD CONSTRAINT `usuario_ibfk_1` FOREIGN KEY (`grupo_id`) REFERENCES `grupo` (`id`) ON UPDATE CASCADE;

/*!40101 SET CHARACTER_SET_CLIENT=@OLD_CHARACTER_SET_CLIENT */;
/*!40101 SET CHARACTER_SET_RESULTS=@OLD_CHARACTER_SET_RESULTS */;
/*!40101 SET COLLATION_CONNECTION=@OLD_COLLATION_CONNECTION */;
